[
  {
    "baseType": 3,
    "name": "annotationID",
    "defaultValue": "",
    "description": "",
    "helpText": "",
    "isSystem": false,
    "minLength": 0,
    "maxLength": 100,
    "validationRegex": "",
    "isValidate": false,
    "uuid": "8e8383c4-2e46-4a42-b647-bd8f915004a5"
  },
  {
    "baseType": 3,
    "name": "customPropertyName",
    "defaultValue": "",
    "description": "",
    "helpText": "",
    "isSystem": false,
    "minLength": 0,
    "maxLength": 100,
    "validationRegex": "",
    "isValidate": false,
    "uuid": "163b4b9a-45fa-4cda-ac40-ced469a92468"
  },
  {
    "baseType": 3,
    "name": "customPropertyValue",
    "defaultValue": "",
    "description": "",
    "helpText": "",
    "isSystem": false,
    "minLength": 0,
    "maxLength": 100,
    "validationRegex": "",
    "isValidate": false,
    "uuid": "83f368d4-cef2-4e87-98dc-3672814276ee"
  },
  {
    "baseType": 3,
    "name": "DeviceID",
    "defaultValue": "",
    "description": "",
    "helpText": "",
    "isSystem": false,
    "minLength": 0,
    "maxLength": 100,
    "validationRegex": "",
    "isValidate": false,
    "uuid": "55f6d343-d3f3-473c-9590-215286afbfe8"
  },
  {
    "baseType": 3,
    "name": "Device Name",
    "defaultValue": "",
    "description": "",
    "helpText": "",
    "isSystem": false,
    "minLength": 0,
    "maxLength": 50,
    "validationRegex": "",
    "isValidate": false,
    "uuid": "a97a14ed-a20b-41e0-9da3-34f3428f5ba6"
  },
  {
    "baseType": 3,
    "name": "Email",
    "defaultValue": "",
    "description": "",
    "helpText": "",
    "isSystem": false,
    "minLength": 0,
    "maxLength": 50,
    "validationRegex": "",
    "isValidate": false,
    "uuid": "bd4bd8c3-0267-42d0-b47d-4185c788ca65"
  },
  {
    "baseType": 3,
    "name": "eventID",
    "defaultValue": "",
    "description": "",
    "helpText": "",
    "isSystem": false,
    "minLength": 0,
    "maxLength": 100,
    "validationRegex": "",
    "isValidate": false,
    "uuid": "2a4c3f28-ba5f-400e-aad3-1c2c52153367"
  },
  {
    "baseType": 3,
    "name": "formID",
    "defaultValue": "",
    "description": "",
    "helpText": "",
    "isSystem": false,
    "minLength": 0,
    "maxLength": 100,
    "validationRegex": "",
    "isValidate": false,
    "uuid": "35f2a5c6-3b5e-47e2-ad16-60e3935a22d0"
  },
  {
    "baseType": 3,
    "name": "Form Name",
    "defaultValue": "",
    "description": "",
    "helpText": "",
    "isSystem": false,
    "minLength": 0,
    "maxLength": 100,
    "validationRegex": "",
    "isValidate": false,
    "uuid": "8abaff54-5a00-460c-bd9a-8e2f11c6368b"
  },
  {
    "baseType": 3,
    "name": "groupID",
    "defaultValue": "",
    "description": "",
    "helpText": "",
    "isSystem": false,
    "minLength": 0,
    "maxLength": 100,
    "validationRegex": "",
    "isValidate": false,
    "uuid": "7eeddd22-9b4c-484a-8a01-ced443076f1f"
  },
  {
    "baseType": 3,
    "name": "Group Name",
    "defaultValue": "",
    "description": "",
    "helpText": "",
    "isSystem": false,
    "minLength": 0,
    "maxLength": 50,
    "validationRegex": "",
    "isValidate": false,
    "uuid": "e20608cb-14a0-4d40-93de-a06b4bee08b5"
  },
  {
    "baseType": 3,
    "name": "member",
    "defaultValue": "",
    "description": "",
    "helpText": "",
    "isSystem": false,
    "minLength": 0,
    "maxLength": 100,
    "validationRegex": "",
    "isValidate": false,
    "uuid": "fa8a53fd-8fe1-4848-a261-7ec60c5242f9"
  },
  {
    "baseType": 3,
    "name": "personID",
    "defaultValue": "",
    "description": "",
    "helpText": "",
    "isSystem": false,
    "minLength": 0,
    "maxLength": 100,
    "validationRegex": "",
    "isValidate": false,
    "uuid": "31e4ef1f-557b-4b94-86ea-e3f254f0524a"
  },
  {
    "baseType": 3,
    "name": "Person Name",
    "defaultValue": "",
    "description": "",
    "helpText": "",
    "isSystem": false,
    "minLength": 0,
    "maxLength": 50,
    "validationRegex": "",
    "isValidate": false,
    "uuid": "57de90ad-935c-4b50-b654-34b0174f98cb"
  },
  {
    "baseType": 3,
    "name": "Phone",
    "defaultValue": "",
    "description": "",
    "helpText": "",
    "isSystem": false,
    "minLength": 0,
    "maxLength": 30,
    "validationRegex": "",
    "isValidate": false,
    "uuid": "f7192b81-c796-4658-a56b-0c1eb9d621e3"
  },
  {
    "baseType": 3,
    "name": "planID",
    "defaultValue": "",
    "description": "",
    "helpText": "",
    "isSystem": false,
    "minLength": 0,
    "maxLength": 100,
    "validationRegex": "",
    "isValidate": false,
    "uuid": "b3e2061f-6b98-4072-b6a9-681374747210"
  },
  {
    "baseType": 3,
    "name": "Priority",
    "defaultValue": "",
    "description": "",
    "helpText": "",
    "isSystem": false,
    "minLength": 0,
    "maxLength": 30,
    "validationRegex": "",
    "isValidate": false,
    "uuid": "99d2a71b-8e66-4d5d-835b-6742270c31dd"
  },
  {
    "baseType": 3,
    "name": "propertyName",
    "defaultValue": "",
    "description": "",
    "helpText": "",
    "isSystem": false,
    "minLength": 0,
    "maxLength": 50,
    "validationRegex": "",
    "isValidate": false,
    "uuid": "c7eb3751-7da8-45a9-ad3d-59ab7fb8fc89"
  },
  {
    "baseType": 3,
    "name": "propertyValue",
    "defaultValue": "",
    "description": "",
    "helpText": "",
    "isSystem": false,
    "minLength": 0,
    "maxLength": 100,
    "validationRegex": "",
    "isValidate": false,
    "uuid": "57618c71-679c-4726-a984-971c9fd6c4df"
  },
  {
    "baseType": 3,
    "name": "requestId",
    "defaultValue": "",
    "description": "",
    "helpText": "",
    "isSystem": false,
    "minLength": 0,
    "maxLength": 100,
    "validationRegex": "",
    "isValidate": false,
    "uuid": "33087928-1c19-4f3c-9133-b3042d889584"
  },
  {
    "baseType": 3,
    "name": "Scenario Name",
    "defaultValue": "",
    "description": "",
    "helpText": "",
    "isSystem": false,
    "minLength": 0,
    "maxLength": 100,
    "validationRegex": "",
    "isValidate": false,
    "uuid": "a09dfbb2-97d6-4f88-a0b4-19d8898bc117"
  },
  {
    "baseType": 3,
    "name": "scenariosID",
    "defaultValue": "",
    "description": "",
    "helpText": "",
    "isSystem": false,
    "minLength": 0,
    "maxLength": 100,
    "validationRegex": "",
    "isValidate": false,
    "uuid": "b192ab63-1f8f-4367-bf24-3d95c70e8a4a"
  },
  {
    "baseType": 3,
    "name": "shiftID",
    "defaultValue": "",
    "description": "",
    "helpText": "",
    "isSystem": false,
    "minLength": 0,
    "maxLength": 100,
    "validationRegex": "",
    "isValidate": false,
    "uuid": "891da60b-4dd2-4bd8-874e-69840ba84c51"
  },
  {
    "baseType": 3,
    "name": "Shift Name",
    "defaultValue": "",
    "description": "",
    "helpText": "",
    "isSystem": false,
    "minLength": 0,
    "maxLength": 100,
    "validationRegex": "",
    "isValidate": false,
    "uuid": "6237489f-950a-4939-a290-92e3b76ae0ad"
  },
  {
    "baseType": 3,
    "name": "siteID",
    "defaultValue": "",
    "description": "",
    "helpText": "",
    "isSystem": false,
    "minLength": 0,
    "maxLength": 100,
    "validationRegex": "",
    "isValidate": false,
    "uuid": "1453f351-70d0-4bc4-9a08-421454f73b0e"
  },
  {
    "baseType": 3,
    "name": "Site Name",
    "defaultValue": "",
    "description": "",
    "helpText": "",
    "isSystem": false,
    "minLength": 0,
    "maxLength": 100,
    "validationRegex": "",
    "isValidate": false,
    "uuid": "c8857083-c5ec-44e6-bde0-222b0bbf0099"
  },
  {
    "baseType": 3,
    "name": "SMS",
    "defaultValue": "",
    "description": "",
    "helpText": "",
    "isSystem": false,
    "minLength": 0,
    "maxLength": 30,
    "validationRegex": "",
    "isValidate": false,
    "uuid": "a74de29f-45e5-4660-a999-af91112d13eb"
  },
  {
    "baseType": 3,
    "name": "subscriptionDescription",
    "defaultValue": "",
    "description": "",
    "helpText": "",
    "isSystem": false,
    "minLength": 0,
    "maxLength": 100,
    "validationRegex": "",
    "isValidate": false,
    "uuid": "b29b1b89-bbac-4228-a6af-c05ae9e6bfd7"
  },
  {
    "baseType": 3,
    "name": "subscriptionForm",
    "defaultValue": "",
    "description": "",
    "helpText": "",
    "isSystem": false,
    "minLength": 0,
    "maxLength": 100,
    "validationRegex": "",
    "isValidate": false,
    "uuid": "2645b561-83f7-408b-b15b-18ff2085f966"
  },
  {
    "baseType": 3,
    "name": "subscriptionFormId",
    "defaultValue": "",
    "description": "",
    "helpText": "",
    "isSystem": false,
    "minLength": 0,
    "maxLength": 100,
    "validationRegex": "",
    "isValidate": false,
    "uuid": "fc5e09f2-e0d0-4efb-9817-73e2c13d72f6"
  },
  {
    "baseType": 3,
    "name": "subscriptionId",
    "defaultValue": "",
    "description": "",
    "helpText": "",
    "isSystem": false,
    "minLength": 0,
    "maxLength": 100,
    "validationRegex": "",
    "isValidate": false,
    "uuid": "cdf7825f-123d-418b-a043-97525725f855"
  },
  {
    "baseType": 3,
    "name": "subscriptionName",
    "defaultValue": "",
    "description": "",
    "helpText": "",
    "isSystem": false,
    "minLength": 0,
    "maxLength": 100,
    "validationRegex": "",
    "isValidate": false,
    "uuid": "872d70ac-e86d-49ac-b33a-228962fe1047"
  },
  {
    "baseType": 3,
    "name": "temporaryAbsenceId",
    "defaultValue": "",
    "description": "",
    "helpText": "",
    "isSystem": false,
    "minLength": 0,
    "maxLength": 100,
    "validationRegex": "",
    "isValidate": false,
    "uuid": "efe8eb91-281a-44ab-b0ba-ea91f39676b7"
  }
]