{
  "name": "API Form for Flow Workflow",
  "form": "50695bdf-a04b-479d-8fb8-82d6f4002133",
  "blocks": [
    {
      "id": "014c55c8-c498-4a48-b57c-99deaf550d89",
      "label": "Add Member to Group Roster - xMatters Rest API Flow Steps-ORIGNIAL",
      "presentation": "{\"w\":60,\"x\":170,\"h\":60,\"y\":850}",
      "step": "e5682a02-7abc-4a50-b597-f3652ec634cb",
      "stepType": "SCRIPT_STEP"
    },
    {
      "id": "263710ff-0dc9-475a-84c5-60862f790a82",
      "label": "Add Member to a Shift - xMatters Rest API Flow Steps-ORIGNIAL",
      "presentation": "{\"w\":60,\"x\":170,\"h\":60,\"y\":1020}",
      "step": "88698d8e-3369-4dfd-80f5-7e732770972d",
      "stepType": "SCRIPT_STEP",
      "inputMappings": [
        {
          "inputPort": "input",
          "mapping": "None",
          "stepInput": "83f5a157-5fa4-458a-ad0d-337297f24adb"
        },
        {
          "inputPort": "input",
          "mapping": "true",
          "stepInput": "13600490-25ce-4038-a17d-da97f5176660"
        }
      ]
    },
    {
      "id": "68320a99-1c6e-44be-8480-286aa49e05ac",
      "label": "Add a Comment to an Event - xMatters Rest API Flow Steps-ORIGNIAL",
      "presentation": "{\"w\":60,\"x\":170,\"h\":60,\"y\":340}",
      "step": "89a473ce-50ae-44b3-9dd5-3a24677e5772",
      "stepType": "SCRIPT_STEP"
    },
    {
      "id": "b107425b-c7cb-4bb2-a9f4-1c18177ef9ce",
      "label": "Change the Status of an Event - xMatters Rest API Flow Steps-ORIGNIAL",
      "presentation": "{\"w\":60,\"x\":170,\"h\":60,\"y\":1360}",
      "step": "42323b28-e85a-44b7-8bf7-552a99f441e7",
      "stepType": "SCRIPT_STEP"
    },
    {
      "id": "8ad6df4d-f991-47c2-967c-0e2ec1a64339",
      "label": "Create a Device - xMatters Rest API Flow Steps-ORIGNIAL",
      "presentation": "{\"w\":60,\"x\":170,\"h\":60,\"y\":3740}",
      "step": "a2e000b7-9c2b-488e-92a5-25020f791be4",
      "stepType": "SCRIPT_STEP",
      "inputMappings": [
        {
          "inputPort": "input",
          "mapping": "true",
          "stepInput": "7fa27afa-f38f-43d1-80c9-ea73fbb61019"
        },
        {
          "inputPort": "input",
          "mapping": "ACTIVE",
          "stepInput": "184bd7fd-eae1-4c89-a2a4-59945dd8acd1"
        },
        {
          "inputPort": "input",
          "mapping": "true",
          "stepInput": "f5a5ae8c-37c1-4f51-9b56-0e087815a210"
        },
        {
          "inputPort": "input",
          "mapping": "UNTESTED",
          "stepInput": "ed2e0eea-3fd0-4b07-b8be-146a88ccb570"
        }
      ]
    },
    {
      "id": "5a1de2fe-b605-4c23-89cb-c9751f3db71b",
      "label": "Create a Group - xMatters Rest API Flow Steps-ORIGNIAL",
      "presentation": "{\"w\":60,\"x\":170,\"h\":60,\"y\":5440}",
      "step": "3be83831-38d2-408f-8100-335c74a7c21e",
      "stepType": "SCRIPT_STEP",
      "inputMappings": [
        {
          "inputPort": "input",
          "mapping": "ACTIVE",
          "stepInput": "3c1f0e4c-c6d9-42b5-843f-8c0afd63bca3"
        },
        {
          "inputPort": "input",
          "mapping": "true",
          "stepInput": "918aa960-a269-4e28-89eb-cf0ea89d649c"
        },
        {
          "inputPort": "input",
          "mapping": "true",
          "stepInput": "25bbd06a-4129-4038-bebb-54aebc60d48a"
        },
        {
          "inputPort": "input",
          "mapping": "true",
          "stepInput": "56589f4b-4a42-4ef7-bcd0-2b5cb846fc09"
        },
        {
          "inputPort": "input",
          "mapping": "true",
          "stepInput": "257a91aa-b655-4c37-904f-fb85c806ad72"
        }
      ]
    },
    {
      "id": "8ecaf1e5-f913-43c2-a9e7-1b2ce252bfe8",
      "label": "Create a Person - xMatters Rest API Flow Steps-ORIGNIAL",
      "presentation": "{\"w\":60,\"x\":170,\"h\":60,\"y\":6120}",
      "step": "4893a806-305b-43a4-b371-1a7044b670a3",
      "stepType": "SCRIPT_STEP",
      "inputMappings": [
        {
          "inputPort": "input",
          "mapping": "true",
          "stepInput": "b5fd00d6-8cba-4603-8b1b-201f621bd987"
        },
        {
          "inputPort": "input",
          "mapping": "en",
          "stepInput": "08dd496c-5248-4f59-8e55-3d968099613f"
        },
        {
          "inputPort": "input",
          "mapping": "Standard User",
          "stepInput": "0e2d2214-342f-4fe4-ae98-17fb8868f09a"
        },
        {
          "inputPort": "input",
          "mapping": "ACTIVE",
          "stepInput": "a911a5cc-dc80-426c-8fc2-8fb6b841018e"
        }
      ]
    },
    {
      "id": "4931dee5-278c-4f27-93ad-93290286bcd8",
      "label": "Create a Shift (DAILY) - xMatters Rest API Flow Steps-ORIGNIAL",
      "presentation": "{\"w\":60,\"x\":170,\"h\":60,\"y\":6800}",
      "step": "cf9b25f6-2f2d-4cd7-a285-d8dba9a17052",
      "stepType": "SCRIPT_STEP",
      "inputMappings": [
        {
          "inputPort": "input",
          "mapping": "1",
          "stepInput": "bb3c189f-f9f6-4025-ba62-9728cd009bdd"
        },
        {
          "inputPort": "input",
          "mapping": "NEVER",
          "stepInput": "00729804-ce2d-47ec-a8e9-5fc91bae3ca2"
        }
      ]
    },
    {
      "id": "bfd9d2ff-469a-487e-9e56-efc999081cf1",
      "label": "Create a Shift (EVERY_WEEKDAY) - xMatters Rest API Flow Steps-ORIGNIAL",
      "presentation": "{\"w\":60,\"x\":170,\"h\":60,\"y\":5780}",
      "step": "b97356a9-58db-4f09-bb02-8ae50e0a46cd",
      "stepType": "SCRIPT_STEP",
      "inputMappings": [
        {
          "inputPort": "input",
          "mapping": "NEVER",
          "stepInput": "5123231d-3bdb-44fb-8847-7fe68ee5ca02"
        }
      ]
    },
    {
      "id": "ed1ca3db-ca5a-43a4-8a62-fbf423265f70",
      "label": "Create a Shift (EVERY_WEEKEND_DAY) - xMatters Rest API Flow Steps-ORIGNIAL",
      "presentation": "{\"w\":60,\"x\":170,\"h\":60,\"y\":6970}",
      "step": "44ea0e1a-351e-4f45-945f-45112ebd58b9",
      "stepType": "SCRIPT_STEP",
      "inputMappings": [
        {
          "inputPort": "input",
          "mapping": "NEVER",
          "stepInput": "4dcd1870-e9c5-4f09-ae8c-d009d8737f79"
        }
      ]
    },
    {
      "id": "aedb33e1-70ac-4e2b-bb74-3788ac6b7b5f",
      "label": "Create a Shift (MONTHLY) - xMatters Rest API Flow Steps-ORIGNIAL",
      "presentation": "{\"w\":60,\"x\":170,\"h\":60,\"y\":4760}",
      "step": "a4fe8a09-06b5-4cad-a94a-5efa87a96c13",
      "stepType": "SCRIPT_STEP",
      "inputMappings": [
        {
          "inputPort": "input",
          "mapping": "JAN,FEB,MAR,APR,MAY,JUN,JUL,AUG,SEP,OCT,NOW,DEC",
          "stepInput": "4d63ef91-616a-4e88-a5f3-a21ddeff9d77"
        },
        {
          "inputPort": "input",
          "mapping": "NEVER",
          "stepInput": "7bbecbdd-6047-4a32-aa0f-f94083b36ba9"
        }
      ]
    },
    {
      "id": "a9b79991-048b-4f92-8b6a-408625a4c97b",
      "label": "Create a Shift (ONCE) - xMatters Rest API Flow Steps-ORIGNIAL",
      "presentation": "{\"w\":60,\"x\":170,\"h\":60,\"y\":6460}",
      "step": "da7fb6d3-be66-4575-b613-81ad3c4ad12b",
      "stepType": "SCRIPT_STEP"
    },
    {
      "id": "f5845eea-5ebe-48e7-884b-9181c98a2717",
      "label": "Create a Shift (WEEKLY) - xMatters Rest API Flow Steps-ORIGNIAL",
      "presentation": "{\"w\":60,\"x\":170,\"h\":60,\"y\":5950}",
      "step": "3aa91c16-7a9f-40c1-b995-2ff6d16e1e5c",
      "stepType": "SCRIPT_STEP",
      "inputMappings": [
        {
          "inputPort": "input",
          "mapping": "1",
          "stepInput": "74d847dc-604e-455d-ba98-4e3a5a182321"
        },
        {
          "inputPort": "input",
          "mapping": "SU,MO,TU,WE,TH,FR,SA",
          "stepInput": "216e9ed4-ae5f-4bde-a94d-371d78b1f880"
        },
        {
          "inputPort": "input",
          "mapping": "NEVER",
          "stepInput": "47f6e4b5-ae57-404a-b823-d8d2b510e649"
        }
      ]
    },
    {
      "id": "282a29b7-7deb-4d04-bdf2-b11f142e2f4e",
      "label": "Create a Shift (YEARLY) - xMatters Rest API Flow Steps-ORIGNIAL",
      "presentation": "{\"w\":60,\"x\":170,\"h\":60,\"y\":5610}",
      "step": "20756dcc-be2f-4499-8757-4ca67668f3f2",
      "stepType": "SCRIPT_STEP",
      "inputMappings": [
        {
          "inputPort": "input",
          "mapping": "NEVER",
          "stepInput": "1096bce2-04e0-4ed4-8de9-961ce61ccfe8"
        }
      ]
    },
    {
      "id": "c032db3b-e717-4d81-92a4-e50681c76e22",
      "label": "Create a Site - xMatters Rest API Flow Steps-ORIGNIAL",
      "presentation": "{\"w\":60,\"x\":170,\"h\":60,\"y\":6630}",
      "step": "ad856d03-082c-4fb0-b9e8-37eeb01fb4cc",
      "stepType": "SCRIPT_STEP"
    },
    {
      "id": "050c6c4f-1b2c-495e-8fd7-b8b45e5d33b5",
      "label": "Delete a Device - xMatters Rest API Flow Steps-ORIGNIAL",
      "presentation": "{\"w\":60,\"x\":170,\"h\":60,\"y\":7140}",
      "step": "a3c46374-465e-450b-9e36-9a0864ea18b7",
      "stepType": "SCRIPT_STEP"
    },
    {
      "id": "735757b8-e55c-4de1-8d38-fb24e2276818",
      "label": "Delete a Group - xMatters Rest API Flow Steps-ORIGNIAL",
      "presentation": "{\"w\":60,\"x\":170,\"h\":60,\"y\":7310}",
      "step": "ca33f94f-544e-4b1f-bebc-656f5b9ab46b",
      "stepType": "SCRIPT_STEP"
    },
    {
      "id": "d12ecbb7-33f4-4937-8e3c-e3a4d5217db5",
      "label": "Delete a Person - xMatters Rest API Flow Steps-ORIGNIAL",
      "presentation": "{\"w\":60,\"x\":170,\"h\":60,\"y\":4250}",
      "step": "f84bf3b5-e5cb-4950-a324-fc1ba220ebfb",
      "stepType": "SCRIPT_STEP"
    },
    {
      "id": "d45aaacd-ae9e-477a-8d22-af0c6c25518d",
      "label": "Delete a Shift - xMatters Rest API Flow Steps-ORIGNIAL",
      "presentation": "{\"w\":60,\"x\":170,\"h\":60,\"y\":5100}",
      "step": "5b452084-3c7e-4b35-bf83-3bbc54c65b83",
      "stepType": "SCRIPT_STEP"
    },
    {
      "id": "945050eb-ea7f-43d4-b962-90252023f13c",
      "label": "Get Device Names - xMatters Rest API Flow Steps-ORIGNIAL",
      "presentation": "{\"w\":60,\"x\":170,\"h\":60,\"y\":1530}",
      "step": "8ade3599-cd3f-492a-80e6-9fa16615c113",
      "stepType": "SCRIPT_STEP"
    },
    {
      "id": "1bcb28e1-14dc-4a2d-9f93-1552e87d8f8e",
      "label": "Get Event Annotations - xMatters Rest API Flow Steps-ORIGNIAL",
      "presentation": "{\"w\":60,\"x\":170,\"h\":60,\"y\":680}",
      "step": "8980bb4e-215d-475a-a902-7b642821a224",
      "stepType": "SCRIPT_STEP"
    },
    {
      "id": "78ae367e-87a2-49d2-909c-c5c5ec624a63",
      "label": "Get Event Audit Info - xMatters Rest API Flow Steps-ORIGNIAL",
      "presentation": "{\"w\":60,\"x\":170,\"h\":60,\"y\":4080}",
      "step": "ba5fdc3e-9236-493d-909d-6c386494fcc0",
      "stepType": "SCRIPT_STEP",
      "inputMappings": [
        {
          "inputPort": "input",
          "mapping": "EVENT_ANNOTATED,RESPONSE_RECEIVED",
          "stepInput": "003a9be1-f462-4988-86fa-90f7cb134253"
        }
      ]
    },
    {
      "id": "8bc993ab-7eb1-4485-a840-ab58157d69d9",
      "label": "Get Members in a Shift - xMatters Rest API Flow Steps-ORIGNIAL",
      "presentation": "{\"w\":60,\"x\":170,\"h\":60,\"y\":6290}",
      "step": "51867eb4-6d66-4e92-986b-e7d42c0faf8c",
      "stepType": "SCRIPT_STEP"
    },
    {
      "id": "46413047-3246-42ac-915c-139550ad9c5d",
      "label": "Get Sites - xMatters Rest API Flow Steps-ORIGNIAL",
      "presentation": "{\"w\":60,\"x\":170,\"h\":60,\"y\":0}",
      "step": "451c8961-958f-42c7-92af-412cb236051e",
      "stepType": "SCRIPT_STEP",
      "inputMappings": [
        {
          "inputPort": "input",
          "mapping": "100",
          "stepInput": "dde5eb29-bcff-4e28-a771-651887df6aba"
        }
      ]
    },
    {
      "id": "a6d608b6-c113-40b0-a5ed-cce22dbc810f",
      "label": "Get Who is On Call - xMatters Rest API Flow Steps-ORIGNIAL",
      "presentation": "{\"w\":60,\"x\":170,\"h\":60,\"y\":4420}",
      "step": "885ada18-751f-4e1c-b1fb-b40618742e54",
      "stepType": "SCRIPT_STEP"
    },
    {
      "id": "1510a09e-6059-4d60-b3a4-6abbc9fc4a97",
      "label": "Get Who's On Call",
      "presentation": "{\"w\":60,\"x\":170,\"h\":60,\"y\":3570}",
      "step": "e380f5ed-59f9-498b-8dbb-368352d29d38",
      "stepType": "SCRIPT_STEP"
    },
    {
      "id": "00cca33b-ca99-4582-8174-634eb71f829d",
      "label": "Get a Device - xMatters Rest API Flow Steps-ORIGNIAL",
      "presentation": "{\"w\":60,\"x\":170,\"h\":60,\"y\":5270}",
      "step": "75e900e1-dc77-41e8-a6fe-4061e5eae712",
      "stepType": "SCRIPT_STEP"
    },
    {
      "id": "59d7d5d4-15be-4f8a-aae8-1099a3783abf",
      "label": "Get a Group - xMatters Rest API Flow Steps-ORIGNIAL",
      "presentation": "{\"w\":60,\"x\":170,\"h\":60,\"y\":2890}",
      "step": "aa7d915f-0114-4fe3-ac40-cb5a28edcc8e",
      "stepType": "SCRIPT_STEP"
    },
    {
      "id": "fe94c583-29aa-4ca4-aedc-8b924ff0de79",
      "label": "Get a Groups Supervisors - xMatters Rest API Flow Steps-ORIGNIAL",
      "presentation": "{\"w\":60,\"x\":170,\"h\":60,\"y\":2210}",
      "step": "6568f850-65c3-4b64-8560-3c4ed82ceb8f",
      "stepType": "SCRIPT_STEP"
    },
    {
      "id": "b249f52e-9a80-4ccd-9c28-15f1187aa292",
      "label": "Get a Person - xMatters Rest API Flow Steps-ORIGNIAL",
      "presentation": "{\"w\":60,\"x\":170,\"h\":60,\"y\":1870}",
      "step": "26151d1c-9791-46be-9b64-3d75177c92d0",
      "stepType": "SCRIPT_STEP"
    },
    {
      "id": "880b388b-883b-491f-8a19-1fa89f8bcf9d",
      "label": "Get a Persons Devices",
      "presentation": "{\"w\":60,\"x\":170,\"h\":60,\"y\":1190}",
      "step": "f58b918d-26ea-4081-a372-b9759668f6f4",
      "stepType": "SCRIPT_STEP"
    },
    {
      "id": "dca31060-7043-469b-a2c6-99e3734e0f28",
      "label": "Get a Shift - xMatters Rest API Flow Steps-ORIGNIAL",
      "presentation": "{\"w\":60,\"x\":170,\"h\":60,\"y\":3400}",
      "step": "7ec8ab39-6795-4d43-9b64-10369c6ad20f",
      "stepType": "SCRIPT_STEP"
    },
    {
      "id": "ecedcaae-bd20-4748-afb7-7bc4e9b6db4c",
      "label": "Get a Site - xMatters Rest API Flow Steps-ORIGNIAL",
      "presentation": "{\"w\":60,\"x\":170,\"h\":60,\"y\":3910}",
      "step": "2fabd8a1-30ad-4c09-b00d-99d20c64b9d5",
      "stepType": "SCRIPT_STEP"
    },
    {
      "id": "7a540719-6beb-4b74-b496-1d7732980148",
      "label": "Get an Event - xMatters Rest API Flow Steps-ORIGNIAL",
      "presentation": "{\"w\":60,\"x\":170,\"h\":60,\"y\":2550}",
      "step": "0b5f4916-a592-41e0-bf7b-ec5a6ee3ea73",
      "stepType": "SCRIPT_STEP"
    },
    {
      "id": "85a4584b-368c-4571-9959-3f786b05649e",
      "label": "Get shifts in a Group - xMatters Rest API Flow Steps-ORIGNIAL",
      "presentation": "{\"w\":60,\"x\":170,\"h\":60,\"y\":3230}",
      "step": "e61994a8-f4a9-4efd-a115-7f0ac343102b",
      "stepType": "SCRIPT_STEP"
    },
    {
      "id": "51ab7092-17e2-4f55-86bd-fd17444cc7d3",
      "label": "Get the Group Roster - xMatters Rest API Flow Steps-ORIGNIAL",
      "presentation": "{\"w\":60,\"x\":170,\"h\":60,\"y\":4930}",
      "step": "dfd49a0f-1f3a-46d2-b634-3bef62a39d1c",
      "stepType": "SCRIPT_STEP"
    },
    {
      "id": "086bdd33-9012-4f5e-b307-ad9b6b8d8a5d",
      "label": "Modify a Device - xMatters Rest API Flow Steps-ORIGNIAL",
      "presentation": "{\"w\":60,\"x\":170,\"h\":60,\"y\":2720}",
      "step": "b2cc2980-62d9-4447-9f7c-4a2cc471b180",
      "stepType": "SCRIPT_STEP"
    },
    {
      "id": "1c4f58a4-370c-48bc-9121-c4af2fad1899",
      "label": "Modify a Group - xMatters Rest API Flow Steps-ORIGNIAL",
      "presentation": "{\"w\":60,\"x\":170,\"h\":60,\"y\":2040}",
      "step": "91a97e8b-aa38-4540-bcd1-29adefa238c9",
      "stepType": "SCRIPT_STEP"
    },
    {
      "id": "1ff828a6-3a26-47da-b93e-015ecc864f7f",
      "label": "Modify a Person - xMatters Rest API Flow Steps-ORIGNIAL",
      "presentation": "{\"w\":60,\"x\":170,\"h\":60,\"y\":3060}",
      "step": "919a83de-0b41-479f-bede-714a44293bc4",
      "stepType": "SCRIPT_STEP",
      "inputMappings": [
        {
          "inputPort": "input",
          "mapping": "true",
          "stepInput": "00e28841-27ba-4c9f-b4a3-1027ee5dede0"
        },
        {
          "inputPort": "input",
          "mapping": "ACTIVE",
          "stepInput": "575d50c0-20e6-4755-81dc-422703fccd2a"
        }
      ]
    },
    {
      "id": "846c344d-157a-4e90-97e9-fcc37c6f561c",
      "label": "Modify or update a Site - xMatters Rest API Flow Steps-ORIGNIAL",
      "presentation": "{\"w\":60,\"x\":170,\"h\":60,\"y\":4590}",
      "step": "c4eef1d4-833b-4e3e-b7ff-abf9b460f37e",
      "stepType": "SCRIPT_STEP"
    },
    {
      "id": "df0aca1b-11d5-4f37-921a-8b3b935aef85",
      "label": "Parse Array [] - xMatters Rest API Flow Steps-ORIGNIAL",
      "presentation": "{\"w\":60,\"x\":170,\"h\":60,\"y\":510}",
      "step": "b87a00df-d5d8-4d1a-838e-8741db6c59de",
      "stepType": "SCRIPT_STEP"
    },
    {
      "id": "518d342d-ae8c-4240-bc8d-d2ff54b1e42e",
      "label": "Parse Object {} containing an Array [] - xMatters Rest API Flow Steps-ORIGNIAL",
      "presentation": "{\"w\":60,\"x\":170,\"h\":60,\"y\":1700}",
      "step": "0f94e3f8-2c81-4dd7-89ad-17f613365735",
      "stepType": "SCRIPT_STEP"
    },
    {
      "id": "7be53124-ea34-4331-b6f3-f370cfe155f8",
      "label": "Print to Log - xMatters Rest API Flow Steps-ORIGNIAL",
      "presentation": "{\"w\":60,\"x\":170,\"h\":60,\"y\":2380}",
      "step": "32481f77-f291-4605-aff9-bad2fefd5bc4",
      "stepType": "SCRIPT_STEP"
    },
    {
      "id": "1fb7023d-7f0a-4bb0-a3de-fc27c4ad7e7b",
      "label": "Remove a Member from the Group Roster - xMatters Rest API Flow Steps-ORIGNIAL",
      "presentation": "{\"w\":60,\"x\":170,\"h\":60,\"y\":170}",
      "step": "515c5767-306a-40bc-a333-174fcd2d74ce",
      "stepType": "SCRIPT_STEP"
    }
  ]
}